jd,flux,target_raw,comp1,comp2,comp3,comp4
2460957.2885680557,10.418696484170422,34972.71081399693,43164.19367495594,39719.54156577953,-589.2900349462689,-380.23014550966036
2460957.28881044,14.98954436382557,135938.16424729873,113045.4165960072,108962.29062880059,-276.4885661125227,-423.6165383022453
2460957.2890530094,12.579038385509122,34903.76774450146,36587.780069241264,32152.2692686788,-427.603204866391,-600.0423652419959
2460957.289295544,10.01309037336526,91662.77881567524,107571.40455344279,116575.74397526396,-456.4568084854909,-298.36743778995515
2460957.289538704,11.45597304709458,88981.41374698488,90248.91144636742,99766.48624520545,-507.1395129016855,36.021421343455586
2460957.2897819444,17.06115523530199,45265.34037901552,35025.794712941926,30645.910860917174,-446.20291717417786,-481.32492536717837
2460957.290023912,12.402708120074303,156046.01566994924,165925.06648586656,141585.84088351112,-349.0327066774298,-132.785222088507
2460957.2902675234,16.015312578015923,267493.97235712135,228055.9019127926,179367.35048824956,32.37402714516429,132.89462349513633
2460957.290510845,17.819184400231972,1248456.1583986962,823125.9057442732,882677.7756416871,1131.8052576700538,2799.6523114587835
2460957.2907533795,22.54363879685937,367834.2247796469,199637.53642890917,198424.01821910625,66.83436883079048,44.312338375071704
2460957.2909965855,17.192056894985388,1113907.3223036525,812372.4852774157,766288.8427537993,927.0791621282551,1530.6845315457322
2460957.291239815,15.390042753339015,850873.4115501008,741939.9536909156,604685.4010460096,745.4817237131283,1804.800472326402
2460957.291482523,18.452468741675347,1846033.9507200883,1274425.8746043867,1157099.9843749418,3616.348514437399,6199.492613119452
2460957.2917253124,18.812690181560352,1072387.5526544913,758729.6517389494,621213.7157096434,4144.442989511168,6966.943349757865
2460957.291968148,19.407845916200507,2069293.4555642798,1326837.8308358202,1247826.983999642,9656.021390368871,17564.253282937003
2460957.2922108914,18.3575667819651,2012225.6924468242,1326477.425452324,1336104.8581848731,4349.976253277273,7951.63990948334
2460957.2924542013,19.234867266105347,1952195.0971052619,1220490.025869997,1219780.7784179915,11279.589179284558,25172.32380198402
2460957.292697211,17.98120709410427,1504418.9817416398,958922.8657336256,985978.1349413433,30390.259779478714,66415.30405998824
2460957.2929392825,19.678047814689684,734579.2605043568,429330.129683731,332751.9254527617,58796.821649977,90082.60657558919
2460957.2931820718,15.269923473182251,770517.7208179171,510383.88995175774,437544.0383744977,89914.24463990424,193529.43130230406
2460957.29342441,14.995116783111927,712860.3266265703,470410.21702381683,426319.93711991806,91826.93167572923,171549.67158158252
2460957.2936676387,17.919665718594054,688675.2333759874,417528.2515683589,349389.4061549549,57116.18734161021,113804.36833110885
2460957.293910498,5.005493014255666,262279.708184013,161498.18096621882,157936.3098898397,268709.8501261871,690533.6671372319
2460957.294153345,2.677192090995551,176717.51234652213,139205.3524243316,144511.02952324649,396607.1830908265,930483.1064592783
2460957.2943955557,7.820681706037027,264668.9909597925,202024.3219163411,161688.64496072425,188403.05520748982,273735.1973830738
2460957.294638611,1.6422512160990772,127985.30733465952,96534.82625676668,92056.47589372072,644577.3120490223,1068627.199953471
2460957.2948815627,1.6011214351896155,76416.44196292854,71176.32292212105,80897.24437734557,191352.85646079783,821251.663370702
2460957.295123576,1.423000744706778,57037.84175193691,40893.12190118269,48182.70130014034,179690.337002001,709374.5175987576
2460957.295366366,0.6428940068330461,59434.731589258314,52539.67951864523,51201.68066097205,807684.0030126967,1344601.6328342867
2460957.2956090625,0.1986344935527439,26360.16868130737,17298.592670985563,16635.315450710237,1262807.0261427108,1941706.7176175055
2460957.295851713,0.06670939405589217,8315.50101771181,5731.957873448999,5027.679192635238,1779237.6245042346,1251901.729831044
2460957.296095174,0.06264038566161396,7916.152693699012,5715.928435111484,5927.789868712236,1180112.0174975481,1892164.2637167813
2460957.2963375812,0.05024191026627715,7748.456346294341,6792.388560366293,6480.788728419786,1654175.4915460418,2096055.580846873
2460957.2965805787,0.015325759803728443,1844.7348330831082,2332.4553318139806,2178.3543985765136,1854852.1541568735,1077984.3263809504
2460957.296822986,0.004606020778165783,518.2338290357802,1121.0488167339536,1212.8302595579298,1718830.388388333,1024473.4368722829
2460957.297065,0.012644550762822079,668.6904907474673,777.819717409835,585.8552058400164,779284.4830147498,509872.93312267493
2460957.297307766,0.005953283047997589,330.17769415264775,202.92897491101394,154.82391969459422,956348.8810233693,396719.51298885193
2460957.297551296,0.09142739867813253,993.8223895234441,-856.6714047737842,-713.4389428695467,162652.27829325414,104180.28235723852
2460957.2977942363,-0.011271500663250316,-142.1238699502137,-360.17839148994244,-300.40268785583976,170974.785132739,137386.61147072492
2460957.2980371644,0.005527821675790202,89.67660455498844,-743.4702057557879,-405.99400583889656,299734.3605321078,97299.60096988446
2460957.298279572,0.542789801700957,2329.760646169936,-689.7573590756401,-693.4061056869941,67816.03701757075,38309.639454444645
2460957.298522685,0.4908326653512516,2623.581858974867,-477.59384791033517,-593.8814460095309,90182.16184673132,41327.43179895841
2460957.2987645604,0.26938206192705416,2563.2978829553176,-376.4584156244455,-370.89208397663606,147215.68177667257,85737.84642027374
2460957.299007755,2.52207838920223,4672.132680726227,-979.3435946644786,-1116.6621627326022,31648.74558936977,15653.662962845301
2460957.2992505324,2.9062627717417246,5772.082155273634,-228.39930678812016,-315.8021322910972,31419.950451061603,17590.67626212381
2460957.2994927545,20.647400272305557,6733.837250570912,-368.31629593337857,-402.28224259141643,6374.6529130788185,2354.617547553833
2460957.2997363657,98.24084106080443,6270.688285822645,-390.02296502331956,-306.8423815298047,1906.8603768674875,347.6428648011788
2460957.299979479,-68.59511018311849,4018.9637893310573,-476.9988501607004,-346.2484013100584,558.0952537900739,-1164.6118083473411
2460957.3002228704,30.273978553988382,5084.017329007627,-198.5419488851112,-184.32791563773935,3440.9737692313356,1039.98038638469
2460957.3004664006,27.11101878686276,3544.8860287768475,261.73346152988233,327.8684236338886,1755.2031291702442,845.9965955463922
2460957.300709178,22.6609258342045,1540.0035966088653,-244.54850817763145,-244.21109336347217,930.8646016085622,1216.2879747335464
2460957.300952315,33.02953753112526,2973.158187670786,6.946011958694726,-43.42145483641434,2000.6159614546195,232.49947973250528
2460957.3011954743,50.51393009855536,1626.2745547028971,54.80040759054464,239.18835427524755,-104.37991691051138,596.035649853191
2460957.3014376387,-70.94813781744153,3918.311820445466,-416.63235971362883,-383.3926080734127,467.51018040020426,-1015.2104375758281
2460957.3016808564,19.022346770158503,540.1808446001778,52.60366472028909,255.48549645152525,-205.41003453075973,590.2972801524738
2460957.301924236,57.02484706280878,2657.6043700276277,-9.317716645109613,-284.20513769362515,941.0790286369956,489.72948706570605
2460957.302167153,30.709563439695128,1628.6288055403784,-350.9083044169711,-261.30512899672976,1329.7484175161808,576.6365196154438
2460957.3024102314,2.4282390984931443,4195.04200794228,-797.6236151695957,-735.9903571786635,25363.51104739926,18328.901893602946
2460957.3026533565,1.3879493589731464,2829.970382560692,-383.8557812807994,-260.8029155749173,28823.227948351967,21578.138120782838
2460957.302895799,5.220049748913912,4401.899234354965,-222.32964795476437,-207.09807321367407,11750.666784968103,9257.02890967801
2460957.3031380554,21.952882823163847,6448.714711696492,-434.6390039269427,-551.3193012830125,5196.478994330886,2957.9244968898274
2460957.3033805555,19.951963431377745,4096.435479933585,18.015972964942193,-241.21195594938035,2980.173802576581,2253.3234695827996
2460957.3036237382,0.2808142239830118,42.08210465286538,522.9411774495311,400.5480706415656,1446.4379279186905,1287.045484261791
2460957.30386603,6.539872021019153,890.1177991957629,-184.2382386958452,-307.9910196214878,2266.340257828502,1547.2921981392137
2460957.304109213,55.821969454676136,2398.466630219591,-263.7760372089542,-196.99354652702823,861.584210994246,647.6937131015075
2460957.304351308,-59.46155857140353,-294.3720936558857,-278.25429445826376,-272.360407330365,-388.8150681065599,1060.2400000939706
2460957.304594109,-267.0318933097391,1928.3312854500946,-357.91383475279144,-395.658481526003,536.9682877018131,40.38131843620795
2460957.304836794,19.537073548733403,2616.524729915589,-432.58882170590005,-400.755418587476,2644.491905630326,1457.0528641486962
2460957.305080069,7.358264005264688,965.7656959160813,-512.3868951983895,-622.7390372933987,2169.9792385527617,2168.0200973142782
2460957.305323426,-11.13717246344172,-306.2047732878491,24.802043310304725,-6.129174209374469,614.8949378762773,37.367080683339736
2460957.305566447,8.465330297074237,-311.6884616516654,270.98478144935507,312.69971743314454,-627.6461276505288,-854.5427154364261
2460957.30580941,9.52085551719801,464.91809495481357,247.92073902196717,255.96068844047113,525.3246695364796,162.430516497996
2460957.306052616,1.9993750595608506,-294.6249217303375,-52.901253210089635,136.12268944598327,-2011.9503779558909,-1667.2618705849309
2460957.3062959723,-3.60295625295055,58.31334988377421,43.50666725850533,156.89720607348136,-564.4851712100644,-30.878021158314368
2460957.306538704,12.36258347123601,198.78374129577423,-226.97456028414308,-261.41021055997044,285.26776729242556,595.5043435935368
2460957.306781574,-7.028433582009029,-188.8271696976226,-215.50876819667246,-261.2360271232428,211.9123912181749,920.4480392831756
2460957.307024919,-4.379337334383847,-619.9549915993375,-365.543182095822,-367.7459420430496,1688.785257087453,2499.0828391488612
2460957.30726816,-3.8040870272342913,-94.76029544221092,-294.26884787864765,-216.7419796016511,-161.28584807248626,1280.178734626461
2460957.307510845,3.663586430486761,925.634874458734,607.6900847978832,706.5307715943272,2260.7909992781497,2590.6063837041947
2460957.3077533334,-0.9472790241668895,-115.18086405744543,-5.242570632901334,71.64345850004975,1226.894240768539,1673.8977302239728
2460957.307996898,4.42863565782572,630.3047824852765,0.907738192974648,-57.141875197343325,1140.86034094137,2388.5275811308093
2460957.3082400346,71.41496152264003,-137.4061053886362,399.11483545558076,235.86536061084917,-383.2570759909686,-298.6757785670634
2460957.3084821063,3.184562152519751,135.09773721067904,-127.57925475381126,-72.91500821829686,376.2830085259993,859.4528400639538
2460957.308725787,2.5572390659920097,-205.69379097731507,-127.58371714960958,-80.07330313857892,-976.455795360016,-778.7647695040832
2460957.308968935,9.96265295391712,-407.218172675417,228.29906916562686,176.2770533371404,-722.2510301825423,-679.7851466525208
2460957.3092122916,-1.2182800803051432,115.72834881785093,-101.00147468120485,-125.47670278440273,-978.1175580812924,-1113.5246019194528
2460957.30945544,-1.646960212420801,-37.85089109691398,627.4456815610974,471.6104324857988,-240.9810737822445,-297.23841884793
2460957.3096984606,0.9605830541168885,-47.690280510109005,300.7764976486869,335.8162721416593,-1004.8545843918218,-843.2797543158485
2460957.309941354,3.4754115651463353,-244.47634318627024,-35.33259241067208,-151.60636670557506,-887.971881110996,-641.7083473031016
2460957.310184398,2.852757190596322,-164.309558462086,-109.13479759322945,-77.10411506110177,-477.8018206423185,-741.4933568174856
2460957.3104274073,-27.522313695890126,-860.7166171577373,-497.8661903851789,-250.62417196950628,814.1233007714727,697.5323532876064
2460957.3106694096,-4.008549863138655,-456.54691206843563,93.45207860567098,282.72647811736897,833.1739895491701,1569.9862078670412
2460957.310912396,-19.13866783578174,-429.37737756351635,191.67269971487985,272.36535934964195,66.15663015458995,17.288537015258044
2460957.311155301,-92.56158549832627,-391.8592322181066,-219.7771903765679,-133.81742309765104,397.45024589845707,59.45443899685051
2460957.311398403,7.398137712370074,-354.89465649757767,38.625598068541876,196.93992107961822,-416.7953466587787,-989.402229574087
2460957.3116415627,4.485092039711347,-525.6248408841711,-345.75940960378284,-465.6629099323327,-1013.103217135762,-1035.3549571399562
2460957.3118843865,1.9008493113973588,-199.10176417496405,-272.87050227991494,-115.83657786490221,-926.5817520895616,-1240.7696254669754
2460957.3121272917,7.990577825552272,-397.6246910863265,189.7588441475964,236.5056980817062,-878.1057466516795,-762.4938236375892
2460957.312370463,-2.426398123179605,125.75658570819724,-13.266241341050772,57.18286013291436,-631.369882416715,-677.3181468856783
2460957.3126125117,2.8012796497699775,-123.69965471695468,166.6949179251751,89.30871657123134,-842.4204747382028,-491.1777060112654
2460957.3128555673,-0.432366291285294,29.614180919874343,-32.40542551902763,21.979577884259925,-1001.1252353225718,-659.8907262993889
2460957.31309831,4.136846636587923,-223.13529038735578,152.21150332052275,120.74768545183179,-746.0193076028736,-843.2014619886068
2460957.313340926,-20.887561533390375,554.0736961165421,174.79703104906002,290.429306651622,-514.7856402534198,-597.7668518052196
2460957.313583993,-15.1646229388609,479.2732274276932,227.5353544309728,98.4316851533149,-686.0354350423477,-411.18114282166425
2460957.313826655,-10.681941084447843,-164.79407823523798,480.3694719992927,480.64973421589093,-367.4147001134552,-217.13068075983392
2460957.3140692823,3.748509061032399,-290.3748222836657,-204.0385848450387,-42.40854515247702,-880.7397626117818,-763.1697846819261
2460957.3143113772,134.31031401818407,-788.1062517322316,-144.92547000016202,-111.29976011211693,71.22826680287108,41.804957790147455
2460957.314554838,-96.98303452908233,-504.12287759860556,16.393155149751692,161.58293459464767,150.43153703479766,-201.55951655726676
2460957.3147969907,10.588590649326946,-516.8193559441388,-46.065971069307125,-161.51352605881038,-255.9837913926567,-727.5250569346717
2460957.315040324,6.752382436493741,-341.6291106304052,-259.4633681605337,-220.24782171033075,-264.7631582587346,-490.1680946376837
2460957.3152837385,4.051183126517733,-190.06514702427012,44.69153277354417,-29.105578030892502,-710.6564582074352,-449.82005641640717
2460957.315526111,3.9719964451340157,-259.4376133424885,-273.4014841914832,-264.2437255905461,-563.4734789640315,-492.8047352057438
2460957.3157683103,1.6826484945331273,-144.565345824838,-215.9896081426923,-289.4842522058352,-854.4595813672786,-736.659704869282
2460957.3160117706,4.073558346898817,-260.04517500518705,-266.3085666359257,-343.7545717732937,-292.6193892209376,-655.1408703691195
2460957.316254792,5.947052075707771,-188.3185324489059,34.564076321239554,59.748275313304475,-475.43050670243974,-391.6241397377198
2460957.3164972453,-0.5526335710243884,29.193310098453367,177.66089075868877,220.23713000665884,-879.8446742680753,-807.1617529819778
2460957.3167394213,3.5110881721482796,-135.81444871910207,22.478533886940568,92.8980708849922,-458.92222058990956,-600.4013677104522
2460957.316982604,-1.8697377249038754,85.22314542119057,241.44435691715626,359.478269800642,-636.3107072708408,-1076.9075523157444
2460957.317224734,-1.5779752459349934,82.07300875823785,-162.60116648682742,-253.26275696901212,-367.116116630692,-486.2593226676436
2460957.317468241,2.0054371071613275,-47.14617610241112,76.60052974068822,-42.85318952489979,-313.14164192027965,-294.3003367841593
2460957.3177116434,29.31164846330764,-298.6101774464878,14.435516005021782,-55.14759577066798,-224.08839917533987,16.196700102598697
2460957.317955,6.325116257633177,-177.98572992297704,117.54526440498375,61.10424436966423,-462.4086957007348,-402.9297256414684
2460957.3181979745,5.916712918631439,122.5771918497012,452.5509529958181,529.6648425847343,-214.461608948317,-262.19438614110186
2460957.318441123,-139.06633676414273,-207.228888586189,340.3238332672845,302.35171150068345,-446.5870718945298,-159.72447307645052
2460957.318684248,-0.10513907124608861,5.910749959813984,68.89297320982587,24.972074183689983,-545.5683523772095,-920.194670699213
2460957.3189274073,10.25201732772196,-231.3975741008835,-60.98094445618699,-147.79995885213066,-15.250096824551292,-326.76760751326583
2460957.319169919,4.2768530844712895,-147.96900866064243,423.5520364320073,330.8036535303654,-916.258043904214,-682.3840505952867
2460957.3194119213,-8.318593679232267,248.57932944132335,-37.00705421026214,14.685830275022454,-501.56145789705624,-205.3371379984601
2460957.3196553355,-54.019593544149075,-258.7149811302006,17.81752487445192,74.84825612775239,-103.40503550713402,127.61210303681946
2460957.319898727,3.720312214802796,27.551595990367787,180.70522571009496,165.5037856609306,-135.08800814887582,-30.399122730763338
2460957.32014103,14.86458176207004,177.94485198128314,122.81652571619998,298.5698819376412,-99.11515910689559,-30.141289589293592
2460957.3203832987,-13.145399948438047,226.153377173403,-239.53612248320132,-126.24747169176044,41.54315959714586,-95.58876128874545
2460957.3206269676,0.22380794921067276,-3.350046775340161,136.34178471938867,280.8240446015807,-428.3048924766117,-354.13490858530713
2460957.3208691203,-4.463633974066112,103.04361191386852,-94.91893348844314,-98.02357619255781,-211.85244168712597,-158.55188853378422
2460957.3211115394,-1.708142199063335,11.433049480296177,80.08239869900353,4.218000862030749,-114.59585998768671,-133.04035491707327
2460957.321355093,7.805463379703706,45.1419908391581,-31.965640900576545,1.1746424647099047,117.34515125905091,54.57780993806227
2460957.321598669,-3.842665505689272,154.79412589134154,-120.76962742421529,-91.84060884548308,-400.4283326682489,-369.9880043438279
2460957.321841678,-5.461452550672365,-104.79327016857133,254.07524342194301,329.2575406419346,19.687646675429278,-134.78034358981677
2460957.322083727,-2.143568118825398,43.90727136807982,-233.58477584976572,-300.0401624377446,24.528668484213995,9.243016527270811
2460957.322326898,-3.5745517217214884,188.3442472753195,192.96534121982768,88.9868853579137,-771.7950395301086,-795.959308611029
2460957.3225697107,-17.301375696665954,-198.06906691659606,-10.08844176828643,-20.07787028322491,183.1721408281701,126.36392334125412
2460957.3228124073,-5.228331632823051,-74.80438474328548,3.477034877803817,104.42016969399265,-20.063410134443984,261.31238320566626
2460957.323055417,13.788771150932567,40.815823072272906,317.26702644248144,247.6225794876591,-319.0506187100473,-173.60420652931862
2460957.323297442,-2.4551060007876497,58.508570572030294,-183.428384374678,-75.32029292046718,-181.88991856320717,-140.91882763269678
2460957.3235403937,5.917604797310845,-198.3888136872447,-249.89413215405148,-163.26024266219247,-88.75115865261614,-316.2099014961568
2460957.323782523,-13.555438257276851,-237.97797944495687,306.23147381675153,474.4157405571168,-163.43516565209939,-188.79516951728874
2460957.3240251853,10.9682766698203,-116.94727225735915,-238.85070571627512,-213.65366135031582,139.98781790803696,52.323875748243154
2460957.3242675695,34.6836004213878,-110.22830290623097,164.15412810926864,232.02861282440062,-207.9650660648258,-265.77312278664976
2460957.3245106135,-5.530802569714378,-245.35668078738672,297.38098722656287,479.14842712477184,228.24219041521792,77.79118560880306
2460957.3247525,-1.5690085359923243,17.55630735946761,154.97635815395915,199.7063389515497,-365.8434053284509,-261.89498297262617
2460957.3249960765,-11.546987428497685,-214.4782533701,218.38174880850784,169.5533183311345,137.10374112983845,-71.76780735772627
2460957.325238831,-3.4138744378910406,118.42352331973962,11.42655975771413,85.48946667152268,-535.5150969102433,-407.91425289945255
2460957.32548103,-49.05617839653447,-244.42564420760027,12.780134022581478,168.2879011923833,-100.68001893500696,41.20158088545213
2460957.3257243405,11.685204542336669,105.01335708962142,-27.502575971935585,-2.950266228621331,168.34202336075396,81.4173608790843
2460957.3259672225,4.832122599488482,50.55863961664727,248.67306989179633,284.6728918752815,-69.88005969865117,-208.136517206789
2460957.3262096294,13.84701744548003,30.11646641234256,-74.87114802815631,120.44457531523949,-60.708252518379595,68.20996404661128
2460957.3264527433,4.276168551254096,100.83443469425401,250.41804054318345,204.81698619614326,18.982133476918534,101.21935374309396
2460957.326695764,-17.54864966000575,282.3538329981675,177.0025741339523,136.30008509825348,-330.21642693708054,-375.7251532712944
2460957.3269389584,6.0350202972645075,167.4741996407647,253.29641741931846,327.27307587273754,108.53737499224371,-11.913744626301195
2460957.3271818054,-20.626461216828613,-145.09635004411393,161.92308911720465,79.55852293501448,-97.99003327425817,28.17080018177512
2460957.3274244675,49.10940859184113,-65.03935502645982,-146.95398683853637,-97.63149120343587,57.67972880949674,154.58697465316436
2460957.3276666896,12.567267071758167,-278.8630633408393,-258.5922324750172,-245.38027480277742,47.47828589601704,-84.99960922560786
2460957.3279093285,38.824932604819125,-248.8499660085581,-353.84211111823606,-225.15046830435313,310.3596792224853,112.22083911136724
2460957.3281522687,1.0,-19.134949316063285,-148.65421592678103,-152.80853373430364,-57.28420900445417,-108.20336403834517
2460957.32839456,5.36278337508273,-166.49605771728602,-358.9952086798039,-364.16009407661113,44.030582321516704,-78.50510665515321
2460957.328636979,2.2235243758314955,73.66999089227465,313.7648154295093,241.32367021090977,99.31844544197884,154.11552195785043
2460957.328880035,-33.253326700934196,-209.91964425415063,49.28423225672668,-2.458380577423668,-3.408403472567443,110.63242536613689
2460957.3291229284,14.774974055812496,419.1064097817689,61.52662199237966,203.12175284403565,187.35342857131036,240.21309079078492
2460957.3293661573,-12.360849288218976,105.33896929468392,23.323172745465854,197.89176288623275,-103.49564912496135,-325.6813495117058
2460957.32960897,-7.791282528867522,163.25849056274092,-37.66359836662741,-211.73490270716502,-162.00931138964734,-99.93268237852317
2460957.329851412,-0.42020933041950564,-18.859901795294718,516.7937486959418,510.90689355774884,-17.117094453657046,84.67612997454489
2460957.3300942825,-4.608460953570288,211.10563885443116,-229.24275057188424,-281.7539213503296,-185.644209111706,-421.2187822826636
2460957.33033625,1.3158428739793537,-43.83175856535672,-206.3603763068786,-320.76823516506556,-86.87086110391101,-198.88387347606476
2460957.3305796064,-366.792674191004,303.0376205383145,-126.69711779972567,-77.95049922394901,-1.40434630251184,185.89062963052493
2460957.3308215276,-5.358471703017119,196.8300757756224,-167.42628269636407,-67.47422472614926,-284.2110808664329,-377.27196938702764
2460957.331064259,2.129606834895176,-29.284566987636936,32.156976580427,-134.52525249423343,-112.15395019097195,-121.04747296230926
2460957.331307593,6.018623350990051,144.52725268310314,249.13688904073206,276.7141508228706,-95.72685297490898,155.8735585798422
2460957.331549919,-2.734166712152905,-56.623530030188704,116.67208641624165,95.63366130517534,252.60928385896477,40.46178194987442
2460957.331792766,-12.593095413752653,-182.10515837597268,96.89672714033077,-2.4308429565353435,241.54168974728964,16.877360600065003
2460957.3320348263,-21.31213924453681,421.7646659525635,-199.96635333783343,-130.75274223622546,-151.35101005909746,-0.8624818251264514
2460957.3322774884,1.0502663875569431,-46.66706938282732,-447.74298667838593,-440.04516663948743,-163.53534257785213,-32.98890765187025
2460957.3325203354,3.5065142506837033,-39.509245701854525,-353.3087444013654,-402.3550541491459,211.71334755933276,268.9923663999143
2460957.332762558,161.25502315695493,-42.80632097621492,121.82748038614955,148.64750539514353,-48.63547542073138,-228.317466681292
2460957.3330052663,0.021972715956223198,-0.9876170948591607,-324.1687962720425,-215.72645269618442,-412.01461160721374,-144.94261730594008
2460957.333247743,-3.2126952840530034,150.14724165041116,-525.3825179316118,-484.2641925682765,40.243778194068,-171.0862914469144
2460957.33349059,-4.01088162289957,-62.784812286365195,247.29934966046494,152.06154888912715,-15.121183993254817,-2.2443266695299826
2460957.3337334376,-0.0896027343518857,3.0501507966255303,-132.71406358502645,-39.10852310359405,-309.4228143466098,-349.45307109371424
2460957.33397544,386.2707693618587,144.46852897338977,-66.4831633640897,-89.9138881110157,71.54328782925586,93.98069469778056
2460957.334219074,-7.213385600408703,-129.66278507431707,116.86267100660189,235.90182512463798,69.33310482186789,16.55384050243447
2460957.334462234,4.108065214822702,-59.99604641296901,-268.87559610885,-302.9166343347715,132.5254098265068,82.8742297953213
2460957.3347054166,19.19213716701921,-213.02778113110253,-205.1978420341984,-290.2350696510839,185.32994074446833,39.23586436338883
2460957.3349479516,-24.12055133862027,242.52452789136805,-78.10554220896302,-46.399128437762556,-41.12709580024966,-79.73277476123621
2460957.3351905206,8.242713188021906,110.84676877054517,102.64728729728085,-140.68471121387847,196.21940104144596,169.9860097821438
2460957.3354332754,-2.075453424254256,-96.89437293148148,356.906924607425,177.5028330646419,341.4191335078467,263.447055745688
2460957.335675382,17.975542348951816,-207.46209112888755,-142.41771857855565,-232.27652899664827,210.58714309718926,-117.53664162499263
2460957.3359187036,16.533240796126744,-211.08776574604053,-23.901609773096425,-55.76372378866654,-80.3366050806726,-151.56289706503594
2460957.3361609145,6.59144268044372,-177.89018080210735,-206.20363673657266,-199.4347558616937,-239.9831968342005,-12.967998508389428
2460957.3364033564,-2.178118016114446,-33.48529242589939,178.52775322425805,204.56140415450864,-160.0563235214504,152.12675596688132
2460957.336646331,45.3400365010613,-415.764761660721,28.574930490267434,-20.87626134983293,-228.65292122153187,-2.8195165285869734
2460957.3368883682,-0.27087478993520525,-9.271226421973552,201.78572952535978,199.6924262948196,239.65247391382582,194.11067606960205
2460957.337130845,-44.99477019465663,-189.80502039357816,179.69956620843368,214.4904377225721,-58.646600288164336,-232.60225235809776
2460957.3373734956,1.3843642250487382,-46.9446658339657,-212.23089162974065,-343.29154707927955,5.376799714111257,-277.3757883635117
2460957.3376158914,7.64550357130382,236.50181751749187,284.3777583319352,145.62033103232898,160.6702017826574,164.20098713779953
2460957.3378581945,16.30502833257225,272.86360407181564,208.98458148194186,246.33483385419459,-34.143435927493556,-12.793203363191424
2460957.3381010764,-13.246229851049705,89.28071078672292,-1.902388436596084,-55.67894366924156,8.385764845919766,-115.28277343821537
2460957.3383440855,17.683615315336,174.52851032920807,204.78185135848616,152.19578859491594,-15.65583873594369,-100.47621782282295
2460957.338586447,-183.69745566596617,-319.84787451993907,207.3023236645713,177.88021347054018,-181.33048149597744,-161.36235300893532
2460957.338829155,1.9895116281861593,79.53973923168815,194.5797873086667,279.8670313805378,179.32882359615542,321.8451439301971
2460957.339071748,27.147167059362197,451.69656181184837,243.9292121507824,15.492187131796527,22.88678002623419,123.72884186293959
2460957.3393146875,20.78008183323247,191.98751995437124,225.1613754420723,371.8280650164779,-146.8596250430819,-224.6700199421466
2460957.339556933,7.132922664630791,-165.65122401237386,-408.4821600565592,-479.41573635911845,143.6197189283048,177.55562243913664
2460957.339799757,-5.2682462216020305,-211.0965532471746,95.93888007859641,147.28359891712898,388.8505688733603,345.7458841116495
2460957.3400418633,55.88859449351892,-472.6315754037132,-31.63158793079856,-41.92320934160307,62.76983805785858,-195.58330351100085
2460957.3402851387,-6.702310554409118,-246.6129880533299,73.96819471992785,80.48321140480402,362.3090710484248,381.15356163299657
2460957.3405277315,-8.948510051469345,-315.1563930122975,517.4831367883962,451.53368761783713,105.12070159434734,-214.69120926025062
2460957.340770544,44.73951695410652,-373.08362854404186,-283.5367924681559,-133.39897459383064,145.3622691037017,68.07637907073513
2460957.3410131596,-3.402076203072462,79.56470171918409,-293.4666480967426,-454.3438985318717,89.91668397402464,87.17823409034827
2460957.3412551503,-2695.0910157337207,-229.76457481872785,24.588077859851182,-40.85656543394725,106.17563371947472,-87.82671667480827
2460957.3414984723,1.6738997040408852,26.020302786015236,60.703046585756965,147.15784141117547,136.3267512195489,35.15029692630196
2460957.3417414813,8.983336468506435,-130.45637588417594,103.70895267201195,148.7051116953262,-383.06725218776046,-223.72828341769855
2460957.341984329,-9.368874654868865,-179.19705379643347,78.30581667749357,35.38759120060422,383.69853849694846,-30.639288006179413
2460957.3422272336,3.4177515565441436,-156.0882552801013,-332.0264024223179,-209.08174957723168,-398.98105805653177,-174.39289645000827
2460957.3424701854,-4.419728943035543,-145.79240993702115,534.3831077013601,445.6824365346074,-131.133174866256,-43.95690525304599
2460957.3427135763,-24.179437057000154,-208.34057876019142,163.8115246308953,141.13706224888665,72.49320609112692,-167.1748287662158
2460957.3429566203,2.97384962150922,5.543521938885533,-10.972210318279394,-58.45098790466727,102.98967427730167,11.92291576579737
2460957.3431988196,-1.2011565304344736,22.3753704612609,-288.153943103589,-278.5404268574857,58.27247411589269,53.83805748067243
2460957.343442176,-15.830431544550294,165.19655958555086,-257.9688216849754,-144.60295743677125,205.41442315239328,-57.49729235379709
2460957.343685486,-12.589193382413168,-441.60653293546784,-28.950958723460644,123.77097132924246,292.7474187737607,468.44672794914004
2460957.343927778,9.750829056865248,-122.99504401604645,24.868308112465456,76.2698834804869,-269.58428379971883,-139.36866231233944
2460957.3441710765,14.535092612267414,-220.24775120012055,-147.04363552140057,-264.9467103007628,25.765718782182375,16.45005492353448
2460957.3444141434,-4.708503631993156,89.2902943478366,-312.6025190584296,-115.01159377602016,20.03582906704105,-55.191195546685776
2460957.344656377,-21.658332221262437,-95.35097727665925,206.38318563147914,351.55979513769125,-203.83508081282707,-246.67346572492897
2460957.34489897,10.075768045430127,135.37382429903664,161.3836321800518,167.67794766304723,-79.8635487902211,78.67062499647
2460957.3451425117,9.757001498810737,219.78279457692042,394.6856815051797,446.3002900444844,-5.2829494027246255,-286.0094188614785
2460957.34538559,-21.23791501379891,476.8551265211063,69.39689963420096,-61.80520341956071,-315.81067404838177,-239.70201611828088
2460957.3456287617,6404.0989484252705,252.0912013227462,4.586594641306874,17.583877356206358,80.931957342651,-102.14182837639964
2460957.345872176,-2.5044150375656096,-85.58125997050593,161.81552399149223,287.8106974323164,110.73360587278512,273.5435580983103
2460957.3461155323,-34.54126166334939,285.45582406497124,-171.60618435144352,-69.35130583905993,-57.92069453564545,97.20689523930923
2460957.346358299,-208.35387570119798,395.58757704836535,-71.22523940528481,-93.90155105867234,-113.56064492546284,232.35507509519448
2460957.346600706,15.695167637289202,-484.13041963582873,-198.65962539650718,-187.17366321578083,-208.61513341464888,-158.28253399026653
2460957.3468435765,22.70601301812643,133.33382108537262,87.69720868112927,38.48184091673829,-2.072958235970873,19.192792075871694
2460957.347086192,34.79538079507598,219.08526109668674,-96.07395312667722,-259.3439197102198,362.70132102267235,146.36738919053823
2460957.3473291784,174.81534819385595,-279.86419546807883,15.528111338091549,39.412658570352505,-19.16382921944387,-74.84403801712324
2460957.347571134,-30.451123047848743,244.3475815724778,167.52621187673867,185.0093531239254,-267.6183711636186,-280.7331575775024
2460957.3478140743,6.598189756637461,-242.67942763081373,-403.9679825985477,-322.54359848896274,-237.4577236727564,66.43403358606884
2460957.3480563196,185.1133361317231,-243.99323680837188,-59.50582980717445,17.433135701994615,116.16748935616488,-106.25978699537518
2460957.3482998842,35.80855564758773,-162.498482363495,-132.37317916116808,-46.17333261199383,-38.131146980686026,105.93731455883244
2460957.348542986,-6.790374103590239,105.64692908521829,212.76758675089877,139.7341476616748,-387.18314679407194,-344.98881261598217
2460957.348786308,-4.823479876409257,-94.00506314867744,60.9593114417803,-11.634507013954135,230.2557629731309,196.01099181160316
2460957.349028947,-54.67784773558071,-171.84702957321133,-117.53215649323101,-229.55715167599192,270.5104478000685,153.27508423814652
2460957.3492723033,11.286943012733301,140.08516428544317,60.25962633000381,56.605455140481354,28.97395404099734,157.03299915752723
2460957.349514942,-2.9341359146755575,-98.5308000444893,1.3842058943955635,38.553518729502684,351.4529613252271,428.08325090785365
2460957.349758206,-67.15907666052543,284.6868972709999,-9.286485723678197,-103.81477346227257,26.814933071433188,-17.157869351467525
2460957.3500006828,-12.5471475533276,453.14533404562826,-262.5393928923877,-246.78067087501404,-224.75367355887283,-147.25081867806148
2460957.350243588,-10.409619799725643,-276.9766999627245,366.79196214897456,398.10075062561737,-58.369744703104516,-57.213504686558736
2460957.3504857523,-26.653428547353055,492.9068347497923,-38.749134895871975,-7.347392365245469,-237.7106161001684,-167.48224509416468
2460957.350728588,-10.710256033573618,-180.02798189782698,58.03161157355498,9.195034375188698,159.97670608687258,182.98518897428585
2460957.350971354,45.84191832747349,-353.86960504392846,-126.2056384480893,-112.40419018350804,101.24454998016517,-51.009971446907
2460957.3512145486,-4.692942268789643,-21.685879240852955,-47.65003930404782,-39.7138059145218,306.38270748246214,-106.25363824214583
2460957.3514569444,-9.265379982295922,148.04425704591267,73.47667321234621,-59.01724737951736,-146.88130974548403,-257.49468802269985
2460957.351699456,-1.2012878783913823,22.5573574044829,-148.3249608972401,-130.7484755310761,-271.0553147533283,91.89772693799023
2460957.351941597,-3.178065413640158,-122.40078643391098,391.3239266767414,360.1782230920944,151.64018337333255,36.72107152548415
2460957.3521848726,14.540337925017333,-203.58392391222515,-299.8422516785795,-293.55944374764294,150.79521964241576,100.93215121849425
2460957.3524273494,8.349907226403609,-162.05470928042268,-78.85503443473135,-189.07077469328578,-76.51494576700497,-129.17197781951472
2460957.3526699306,-10.196175110253726,-198.9886183908202,61.04869627739754,27.6341177551476,77.02771318810119,310.5387338228793
2460957.352912905,-1.700028753124329,54.17235928758964,-89.56734327036247,-205.78624833731374,-69.57800202963699,-412.68379597901367
2460957.3531560535,-4.458694177857765,145.5724290560429,-158.90003190845528,-245.746627041819,-235.63420043091537,-156.45581289748588
2460957.353399572,-3.324495696952757,34.34836917694702,170.039117519118,122.26515644749816,-298.2451157354335,-246.18868608979028
2460957.3536427314,-9.193651299468955,-179.47979556793507,142.83234850924055,114.39370012211293,164.40918611352026,54.763832192900736
2460957.3538852315,4.650398120776549,-167.81231523524184,-242.18239021895351,-193.88545645214253,-249.26360866467803,-195.26525438054887
2460957.3541284376,-10.901238455377523,188.04905134679575,-286.76796721638675,-308.750816617714,87.6417722790211,86.91910502144674
2460957.3543715626,-9.006676442332028,-128.43865875211122,361.43265504081864,535.4101312607381,-254.3399131021397,-294.5066232025747
2460957.3546137037,8.982099270743879,-111.93655621598009,-35.845703608032636,-100.08199387673449,-90.88446488743648,-77.3025666082176
2460957.3548561228,-23.49162821094654,-154.34695123066558,116.47115545937777,34.660680421005964,-120.31155395559108,129.51470480527132
2460957.3550989004,-5.415376586938746,-98.1400103292035,-8.90550156176323,21.467922492407524,297.94433993659914,131.73606864724206
2460957.3553414005,-33.74853678799168,-245.24112331967262,82.46921208703861,208.30411624613407,-24.399258334397018,-89.0442749127651
2460957.3555845716,-60.66344718706821,-175.9000590278738,-108.08756345358051,-159.73915195575682,108.05824110775939,230.52756828914062
2460957.3558278126,-5.129679810271357,-247.7657621661674,515.7348404812547,426.31692544319594,-31.222303317943442,267.84642338582853
2460957.356069757,110.34772870471933,276.6982989688222,-238.9289050659463,-204.35552095380262,121.34944363479372,383.1258279397989
2460957.356312523,-6.178895372597036,-120.6078459734199,222.12591574023827,184.23869120021845,13.992989168978966,55.972566792352154
2460957.356555613,-0.8078538416669453,-34.30150020906149,222.52282100186494,236.80448019305913,265.6846013734721,311.14060852397233
2460957.356798611,-5.5273047364243,-130.43065165724693,281.60219451902594,337.44835323094594,-172.04561664782887,128.84539696895445
2460957.3570415857,-76.06307602086606,316.2220906245893,52.784176582183136,102.02782641465092,-126.7872613177351,-129.4769920373692
2460957.3572840625,5.106949249472414,123.41261289855538,161.67811885308402,112.98090157938714,-140.90099154076597,455.95587704151694
2460957.357527303,-10.973544025844246,99.98383527358965,-45.4630364645418,7.463754159663949,-62.91541713586048,-121.42972583859955
2460957.357770625,-9.662460499763814,229.03132921402357,-44.06673639582368,-50.80395013830639,-295.12659653811716,-188.432339147148
2460957.3580136457,-28.051444737988895,-253.5602228562675,-57.43537358609683,0.08479792273647035,76.18013818209874,201.75202335118956
2460957.358256852,-32.86044529738578,313.9742183356466,-295.73734110532314,-381.26869670404267,354.31228068739074,89.52846320928074
2460957.3584998264,-36.13033991783662,352.58077215401863,115.85067235921088,28.23731387085354,-228.58626934990752,-153.64039617489834
2460957.358742685,3.911984231748686,137.47970836540844,163.1438466951986,333.7878388417121,163.67357588760933,196.99493194343086
2460957.3589860764,-5.074542240411773,-166.19920106975405,169.68962911665585,197.62853034761065,171.4635455252319,260.4550052145205
2460957.3592283563,-7.127373493997702,145.44382657205642,-244.51595142241422,-111.03819210248548,-113.74103207393273,-28.68165661128296
2460957.359470567,1.0425854038646971,33.2104887362766,322.8311834833112,229.23878703144146,-31.734592169403186,256.9974155463642
2460957.359713947,10.866345059104919,33.66845340823784,-43.474455138457415,-57.80593685576241,63.73957576781686,113.15147795088706
2460957.3599574305,15.224453124138922,206.5181917701375,171.54932031549106,307.7356101164587,-146.74916290574038,-1.5113911086118605
2460957.3602005322,1.8081327718231317,-31.61240368160361,-365.5523247929159,-444.322822871276,216.75178631423478,166.4745253892761
2460957.3604430323,-0.785034940722641,21.1287000538141,-263.4842501520834,-340.52659700572985,177.32315319038753,-230.10324782833777
2460957.3606851622,-11.23657943059873,330.5286463630546,-113.55592158293439,25.734931388898985,-418.89378168463736,-211.10983627188398
2460957.360928634,22.5848792964215,93.00308308047534,-65.2157497870212,-23.94840273495356,136.02785243470862,53.62632076736918
2460957.3611716437,-6.55101486860464,-268.66910568599997,280.93146951663584,390.7693227671771,262.81596069368607,66.29525668384304
2460957.361414803,-6.413281039233499,-248.27663097002733,430.56906598088244,412.60924721223273,17.703882300509576,83.82872450362993
2460957.361657778,-4.01472263050423,165.62645509640788,-289.82200473982084,-256.1244813249068,-174.85638213941638,-285.93759518299703
2460957.361899954,6.163464250923903,272.66203611892706,274.69004042645247,200.57346920852433,376.2974333098391,227.99003661605093
2460957.3621433796,-7.921666315607504,170.3356935914053,-263.0083999427443,-295.63452589078224,183.5914056885158,-149.67435706629476
2460957.3623852083,2.2451796956863843,147.80842248904082,256.23162397438864,291.6807043921581,583.4293872334201,475.1979011216754
2460957.3626285302,-55.894846572140715,-462.6061891574536,30.109806866290455,-66.57701992799412,253.99859252096212,-15.56316123198485
2460957.362871273,66.82599349794415,180.47843239450958,-17.75231450785941,15.89409173508102,86.70349482540405,-18.939530696185102
2460957.363113322,-17.314210697405194,-119.56310979028058,-73.96243343916649,-47.73281385851442,168.69928574318328,121.51069115199061
2460957.363356389,-46.52222091698901,186.0096964479926,-13.48305679477562,176.4877038498853,-212.5815413148266,-47.99360076958692
2460957.363599433,-2.5893479447240604,-23.386733617717255,-187.61691291466923,-120.3956703896365,352.85488290679496,175.56324709881665
2460957.3638427895,-6.019795685826392,151.41771057769074,-163.62648683907537,-204.1316316544653,-59.477280185823474,-186.58071851163186
2460957.3640855094,24.02734614206426,-381.54629371460396,-324.01088912309933,-424.2413667370274,94.26463413469901,266.4759409914841
2460957.364328171,-15.35524622185768,-143.492981072166,-92.781372878213,-105.79513962412966,171.0139997076294,255.6057708080516
2460957.364570544,-5.913315788220528,59.750230134744925,-22.937231726944447,-93.171960119922,-108.05862571926627,-22.408790342622524
2460957.364814005,-2.300375379853558,-38.12920850278533,326.10699343696615,325.3029464340325,-205.5886173233921,-41.33630188789175
2460957.3650572686,-8.097204721906834,63.86148806231358,217.24545118929382,254.97095474039452,-374.37304439374566,-290.3063734624666
2460957.3653004514,15.145657180790812,377.4249895686153,-84.28369425162964,34.176034469954175,297.4382116999441,360.7846958247319
2460957.365543472,4.637543310767022,117.33236286992906,152.71552217812496,167.96238101420022,249.20548439749837,47.52596190467375
2460957.3657861575,-4.35436849229612,-203.80273775462047,450.56417610005155,485.55300113787234,126.49340119439148,79.55271441807417
2460957.3660282525,3.267242777445932,51.35296293523788,177.22871983851292,144.64010461498037,119.28168788714902,-57.59567585494369
2460957.3662706595,17.40571782543068,194.8320413451038,87.01419876066939,164.0074229938291,148.43343058410028,-126.29838473108248
2460957.366513264,16.849869979978976,404.5715127566218,162.40564851109957,101.2697771672938,228.68476435814227,93.56491829157676
2460957.366755787,33.04231608423755,-362.2813634481463,3.0372887370212993,114.08424177426059,-148.87682631219286,-235.8032801676418
2460957.366998391,20.972062965456985,174.81218544233707,197.72140256315106,130.37138461659924,94.31445646501743,-218.99648809574865
2460957.3672411805,8.615742650595271,138.30599962028646,69.5310500985579,26.54922948537933,127.61685754218706,168.03722201623168
2460957.3674845947,11.871428796713198,-38.59678477989655,-93.9534050648108,-204.05479866790483,133.81007203459376,84.85825889589614
2460957.367727083,-18.66117255146307,-284.36153208667383,41.546005033884285,123.07413889942109,255.7606250765457,-48.52435189411699
2460957.367969595,0.23052791540468257,-0.585561609823344,-184.819524718685,-280.90787508491485,311.87372754098396,91.86784000997795
2460957.3682120484,-12.945260886568184,213.31706638973628,18.121001046252786,-40.09951080062456,-129.2648181530094,-250.87897303223508
2460957.368454537,2.330950533520508,25.243557589812553,-14.682448785490124,13.611390294994635,154.050712457396,111.29825793462442
2460957.3686970253,-76.4511941941317,236.06679538548633,-94.20410409811666,-59.298987143829436,-18.025136097156064,96.17636429606864
2460957.3689401504,18.78165817065556,-156.8696237015829,-93.45558374393295,-20.857992139441194,48.809483104010724,-138.31660608379389
2460957.369182546,23.6780061630164,186.6763178542169,-83.17782776672902,59.169212003911525,53.849082366570656,162.55173318411107
2460957.3694249075,19.938630022841767,-136.34558369862862,-143.30283101782697,30.951620692667348,-42.167640432984626,-12.355321458559047
2460957.3696673377,-21.358035230377848,-193.9104678815711,-15.51491470192559,-62.79707281833544,226.43799251212113,73.42989482739358
2460957.3699110993,-6.416734929986037,204.97375068859037,-323.1332821709693,-305.04268080174734,-79.81810508972558,-71.52638090539403
2460957.3701539002,-6.621079087552592,213.47154859451257,-22.761736840413505,-14.200051519055705,-262.3968592042038,-487.42366625200884
2460957.370396447,-2.7552587956708674,-80.37305160003962,206.14430817572065,310.71247220697114,151.12168386685516,43.876346054603346
2460957.3706392245,1.759687786574407,33.88132555887205,17.58553863083216,7.232287338370952,123.51248711249718,321.5293219995001
2460957.3708822336,-160.52441212647744,-437.35775499856754,-257.2156796630006,-398.92315982349464,366.8853115033162,355.74089078475663
2460957.3711251854,-10.974236041481166,-204.43901422545605,-55.233848647603736,40.98142084673236,291.5159031197836,177.34009767187672
2460957.371368206,-9.801520346274991,-62.222947692174785,205.09019792865365,151.4429728038158,-34.94446550785506,-166.6711984059184
2460957.371610787,10.21400144171782,-128.23011526210394,-313.0481062612598,-167.1556859479133,93.82989475275826,80.01007361606753
2460957.3718532408,14.801118778870816,105.69926128888983,91.51776484412403,-42.813959304443415,130.0710016590674,-4.505553269227676
2460957.3720962615,29.377163805818167,177.01002656631317,74.40235467789898,65.51987894509512,3.455938165912812,3.6604305920700426
2460957.372338345,3.564105570269322,-90.01540847065917,-169.17487315805192,-116.08070356419194,-45.69248140705167,-285.3767663218641
2460957.3725815276,89.27552006420986,-153.9190997129008,83.95096119504888,10.233801952490467,-9.795857346442062,-126.4619066721607
2460957.372823843,-10.210989638226192,-117.34758122731,51.887646536513785,146.51922222820212,85.88880065026751,-3.849397906597005
2460957.3730659955,-9.033235768572608,-31.23666320178745,180.15381565946518,41.267017827420204,-75.33520583530844,-61.70074454589485
2460957.373308657,-16.370154722793444,-321.1000868783631,215.09215646132725,148.5020209853392,52.90048063616996,62.16960295537865
2460957.373551794,-54.02556487320791,103.22779062720292,161.25552456642254,299.21638586748304,-212.30969484161324,-294.7895597822135
2460957.3779915627,615.1064252081003,-423.64201206503276,58.98652305468204,-7.437445673469483,88.5904040669775,-156.94655583126587
2460957.3782337615,-25.407624568314045,-160.52655239525848,277.7544087423448,262.1082413324184,-144.09575193144337,-241.58755941504205
2460957.3784764004,-6.342717002275542,-257.730638316767,504.83421866882054,496.3267860886117,-25.740726110663672,16.1741510206557
2460957.3787192823,11.55606921233642,-300.7896633634664,-226.4461517342097,-97.43894175290916,-80.56402855282067,-230.72988645540318
2460957.378961979,-22.90583275327091,-276.98084817300696,78.6294081228807,12.989299942168145,59.43905580856881,144.02715828642977
2460957.3792042015,-3.0913703244332615,-148.76743094685298,576.861288520784,562.9450784566907,86.23414118296569,-51.68336620714763
2460957.379446331,3.552601179811513,-56.41488185128037,-33.90999408692369,-87.63338387351905,-75.08677994924074,-190.88669179375574
2460957.3796894792,1.4307317483549256,-39.95611480407388,-178.73330431320937,-123.72355879670067,-176.49207825323901,-202.5550466427776
2460957.379931493,-10.109151461175987,-182.82534380015204,344.8233712164183,427.2578485371778,-151.3312054738708,-179.41837942552957
2460957.38017434,8.215837532133238,-199.5134084650599,-9.2632814682147,-56.9024964740056,-314.2972121587336,-212.13968724102597
2460957.3804174075,16.266240897758433,-72.3819800641104,209.4700128261684,7.383223339784308,-72.76321057045061,-252.6792230137653
2460957.380660405,12.6406431998069,360.9738024986873,480.2979416738526,268.4369851070951,-79.18738989557824,27.319424593755684
2460957.3809032757,3.2937971492108353,-69.6507868773333,-214.37019162145225,-207.56643008481478,-39.37164920139185,-54.7188666807815
2460957.381145579,-28.460970345720476,-79.80625800489724,-146.12190562316027,-104.4359231193921,223.20908522146783,95.77623334291275
2460957.3813888077,22.86254222611279,-188.5960057315824,129.93003211313044,57.356172185558535,-339.40240229921983,-49.18730558851894
2460957.3816308216,120.04366327320477,-698.3135822190306,-113.2013776686872,-80.91125063801883,-1.3309426190644444,53.48729000106687
2460957.38187434,-136.0486425320411,209.08671576079723,219.15513803651265,160.52408664037284,-36.460362769284984,-380.72268935081956
2460957.3821174423,-19.675349906010243,301.8596966623518,-94.27284989093823,28.8255209799172,-141.6113052017281,-167.3329091542946
2460957.382359722,7.657667096350157,-125.69194150474141,-7.91854749164122,-67.88153506608069,-136.61912504350767,-188.1285604202967
2460957.382602986,7.458760617941925,147.9757581518097,134.96118761543767,21.151653402659576,94.34898061700733,233.67405646546467
2460957.3828452313,8.038590171658743,85.4270930923667,81.61540711233829,53.21091058545426,119.92763625636871,4.5798344553222705
2460957.3830883563,4.523006801624239,60.695921862501564,92.97948213364361,108.49504193790563,68.09986303487676,57.89871571781987
2460957.383331331,33.82763447168585,-394.91036964533487,62.531523691541224,34.5416418772802,-189.0713859523712,-192.88723171706442
2460957.3835743866,-0.4893676691919703,-3.891051618997153,-162.20469288644017,-100.93507041112025,208.660807877357,248.51172477206273
2460957.3838166897,-4.250008758366354,-102.43725368775995,207.68751915663233,177.74172367900246,21.83540462136807,180.91699432409223
2460957.3840595833,3.950462139373177,231.1974535049594,512.1926188684301,511.319426042337,164.05213434963662,240.60121661145604
2460957.3843022687,-7.936671204705892,446.293806507143,-359.9505642546901,-312.8268720979868,-264.0171868321668,-435.4319796057025
2460957.3845448266,4.204003291839728,90.41445463479977,14.357595398574631,-103.46167999753379,424.0317271679378,189.9017910736693
2460957.384787245,-51.94052331914741,-88.91189609626599,42.023286480271054,-119.19044109226888,164.91596998094246,-45.97569527146334
2460957.385030451,-27.989541577123923,283.32583003333275,29.860213736687,-2.0961224393140583,29.45045888451932,-304.23547760729343
2460957.385272639,34.711942107810145,-239.47587399637268,180.0756843257259,16.91714646710534,-162.35945010329306,-202.9884577151097
2460957.3855158216,-1.2357779358804486,26.687983441268443,-117.22188764518069,-198.8125358851612,-138.79679290009153,-72.17857760636252
2460957.3857585187,-10.950896788483258,-193.5205530560088,32.882872462756495,-14.32889194611198,248.4863549910624,164.20138929485256
2460957.3860013774,-23.83914340935494,128.90664909985207,-5.458986767389433,41.743376142767374,45.8691179016314,-214.1091713327769
2460957.3862440162,-9.075501069516,-182.3985486329875,54.053865262238105,-119.81292140365986,383.8648381461426,172.34352997751193
2460957.3864870835,-10.055194408282347,-108.46662851600195,123.18340668957171,105.15373117942727,58.41430103506718,-23.513165805165045
2460957.3867292013,-45.11313053866568,305.98184396923534,149.19882849777787,182.62626903829732,-341.87868480137695,-155.4609163946261
2460957.386971597,-9.147607693629944,-162.37559085843895,16.12889700501546,46.27135671429642,73.93360557171764,296.8343512247229
2460957.3872143053,-45.23041669900812,284.8500962528633,-184.660012390239,-159.86151079138654,185.5898669328999,5.247482925347867
2460957.387456898,4.312051354424697,-104.06753768708586,-114.4970811791245,-170.4556371865474,-195.69542711895338,-108.29682616480568
2460957.387700683,-2.466477483777662,-124.20912647187288,250.8484441606597,333.30005546587563,240.44897103636322,404.3115043460457
2460957.387943032,-36.0991751480825,311.96231128706495,103.0796577309884,47.475349759501114,-226.8858501248833,-134.55538317776518
2460957.38818603,-9.774937485031836,266.51978371732184,-195.10649868222026,-188.77313236949703,-108.22328692281735,-173.26035872857392
2460957.388429028,0.3683245820090579,-17.60804800173719,-382.45074350584036,-419.1929176079502,-133.60341204862925,-231.35803164634126
2460957.388671678,-10.21448536562286,-163.1663351310308,39.05126142857989,105.23063436865777,189.94672558743332,55.58537819488993
2460957.3889145833,71.5191228672762,61.831276930384774,-136.64847893262413,-23.613478170002054,108.33963269934975,73.01974688026166
2460957.389156794,2.7950611389615387,81.45631414627132,343.2623128254818,254.95383763296923,26.90946995297054,86.04991141767823
2460957.389399861,1.4139498433326665,-40.68029709970142,-317.26035970783414,-270.7432136307689,49.41705836962137,-163.50459764065454
2460957.389642326,35.67222077411692,-210.754067383863,106.39018813123766,72.0606085565123,-159.5336477146884,-163.09189046439133
2460957.3898847452,-10.382318924746517,254.16444220862832,-183.5510786281011,-189.50669080719672,-107.64561855840293,-116.69464812329534
2460957.390127662,4.282051890389705,-111.88900934859703,-537.6484526326531,-507.65298745624386,42.86199973666953,364.7945755301298
2460957.3903705208,-9.232955246430297,26.2497452376374,155.95363283910774,101.02134597521945,-213.86961118110048,-112.48431813648858
2460957.3906132756,2.705964398385178,30.245232307275728,225.26222173798305,294.11498151553315,-89.37929966946103,-157.23945609249495
2460957.39085625,-16.482685879522226,147.93581193630234,-90.5283505151674,75.17684237676804,-206.87347909703385,3.202502679399913
2460957.3910986343,11.06517997761707,-170.6992674275316,17.40015917225537,-135.65084640772693,-85.48215782980333,-172.72516195476783
2460957.3913407987,3.003624314901901,83.67009936511386,194.86758299119174,161.8194361146161,127.4187806191294,195.67365885812615
2460957.391583912,481.59670228827247,153.95128903894147,86.22314855398145,177.2075488675655,-248.6362357449725,-6.99358901287269
2460957.3918267707,1.0054307932472908,55.199826311989455,438.7042617013467,475.9379744525286,227.25485575036873,197.86872426289483
2460957.3920689817,-6.487913095779022,-142.9786016158214,122.97298219976801,16.280268457587226,255.74437944298188,142.78823701798683
2460957.392312558,-0.6046916897668199,-28.151652218679374,244.4438969170551,327.4532716134672,196.36007743494702,367.8341012217388
2460957.392554653,-9.870475397723657,-318.58502081167535,88.16008979519393,190.6397291120411,268.6482375885462,240.19717057420712
2460957.392798206,7.591501981630126,-248.81724824770936,-175.5490521984284,-257.79356747494967,-208.76368376841128,-157.72083659736745
2460957.393040729,-18.256293064460703,-172.95197607653608,21.691147827939858,47.39559995716991,21.531731776703964,140.56473239393745
2460957.3932833103,-8.874695934672477,-85.74893513988354,230.55150957244769,305.4992595677468,-72.98781253561901,-227.2766297066446
2460957.393526088,1.4353857076118612,45.77342031549779,103.49901363247409,-59.72381032858539,426.258706049015,308.1605088623437
2460957.393768715,1.2483080760213465,29.111898790695705,4.362862576959742,93.0604162753807,270.81495787130916,200.86638973742447
2460957.3940121527,3.1894697049172223,51.618221913053276,174.74221818129809,201.73767921834224,74.85613719802859,-56.39894386488595
2460957.3942552083,-18.1407566515707,-721.988369991006,-19.32297201266556,-35.34513056652213,479.89404010669386,545.9952944449615
2460957.3944973727,356.2990154021135,464.1150570788959,-97.37012603840776,-56.63490754256418,185.78032819140935,0.012060944147378905
2460957.394740116,-0.6342741641712297,12.883145179439452,-234.7788064801498,-242.39046281440096,43.78462683945327,-62.28034537514395
2460957.3949830555,83.41892710332554,246.0798394201156,300.1518700675915,349.71387849969324,-393.5821023748249,-184.29652627419273
2460957.395225509,20.59234663926929,331.9005892198875,168.19713291074004,222.69138695917354,65.18735571800062,-62.756313654521364
2460957.3954681368,-10.51906877791263,-221.37942454366566,-25.986036143909587,-12.473005936757545,172.50635589499143,379.52703379904415
2460957.395710787,6.181279712650325,182.54194227678454,205.37636798696985,199.15780844162873,155.46509604838866,160.65610938015743
2460957.395953692,-30.379737418297985,-259.56531278862894,-236.2902908460528,-196.25613896104915,342.2820703152429,298.764332258339
2460957.396196412,4.612903563892844,-99.9727146574478,-345.6081684680066,-329.08084860562667,89.18698146159295,56.63015927055676
2460957.396439039,13.421649278324661,-106.4968904487323,-281.9253727563919,-265.4398248044017,290.05278437726156,63.68162878039948
2460957.396682199,-12.17682505625318,213.53472912941652,-218.36857468298695,-213.04578215366928,-250.08653519405198,253.56588471212672
2460957.396924294,2.6155234940269314,-109.05888263849556,-170.284094798797,-152.76038529596917,-471.30892918711106,-223.1732158554223
2460957.397167604,2.8243345071340022,-40.633619677912066,-285.55053697088806,-301.30343063435794,190.96862952668016,44.799959673815465
2460957.397410602,-59.99852876214896,-475.1061337469473,23.153418172449165,206.2876732388504,-161.02393111491983,124.82122501466074
2460957.397653125,-18.981336655326377,-180.4875900683037,142.52385984910143,194.246087376785,-45.4328750205641,-59.296505298549164
2460957.3978954167,9.731326435628246,-146.71889429292787,-170.4878817720819,-123.6285714479709,-16.581011397734983,-57.225899796481826
2460957.398138368,1.7576377446303477,-73.90571042826559,-436.3607179884784,-209.51124077361965,-161.29367992755942,-218.93979969915745
2460957.39838103,-7.424719942564504,157.88216019724132,28.0483923012398,86.48839058643352,-309.1327307349129,-324.31919780639146
2460957.398623345,4.527273694308844,-146.6721378619077,-461.69297399399875,-291.51369729482394,-117.66856384501807,80.27992181195077
2460957.3988655093,31.979914040472213,145.94976213488917,66.05046524189311,54.54045933327143,-57.78989512291082,48.56928941845763
2460957.3991079167,139.54286656189112,373.6977188258679,21.564426318538608,51.097436257212394,-30.317180406917032,23.0069096063271
2460957.3993513426,-10.561202713687544,-270.48396442141893,561.0032110384163,432.1155086618055,-170.15869634421688,-197.97226890326783
2460957.399593391,18.730092046078568,-255.61102835231213,7.281933366401063,3.815204100948904,-10.630642523374263,-333.49625123060105
2460957.3998368983,18.96198453650397,63.53572756394715,-147.23327539012098,5.480551846092567,137.8768710103177,85.64276199966844
2460957.400079352,-7.225123570723858,159.60360545093863,-319.59200933406464,-100.8782550744254,-129.7964681423946,11.202170576569188
2460957.400321632,-3.001221118679414,-44.36117413336615,93.32103630992424,160.90332572732586,79.84543460665736,26.632080309838784
2460957.400564375,-3.4797997796097597,-150.29528788359676,449.9175473425785,248.98449260809502,200.74451793881963,154.33854366112428
2460957.4008067013,2.72098140241044,66.70065344138857,303.49726248524894,184.46820470403327,2.9591113957503694,107.27744631602036
2460957.401049792,-10.213222353361568,-266.03512222343124,80.27285052354637,154.20126675618303,227.47520963460556,173.70287095661843
2460957.401292095,-19.38130662709266,-88.2777180272933,78.72478116238563,-15.79792446938518,134.17377445062084,-85.95013404626297
2460957.401535185,24.933264354629713,258.8974161547121,63.70353782920574,26.9589768961996,103.84167821210576,58.88724620804351
2460957.4017781136,-651.5072107814055,232.88668574796247,-74.3248145511534,-8.00367654263755,-43.94063830282175,117.54607065040545
2460957.4020206714,5.646439854971404,-128.4886373694717,-358.44331930833505,-263.67674900086786,-97.80206631479814,164.61483728178428
2460957.4022626737,0.14119855875436543,-5.315751193014876,-217.8602376525887,-254.30814966330217,-250.82788491370593,-195.71225029599373
2460957.402505428,-94.81329961424113,154.0589342052226,148.06773037152743,84.00611139643297,-134.57743214989023,-137.14803476947418
2460957.4027477084,1.055819822119314,-39.91998733336368,-262.5119216996645,-355.45830592294806,-52.33512405751026,-252.35943723777382
2460957.4029905093,-11.351007219836811,-98.94789355391185,25.635124250125955,-11.041535881366144,14.409428051189025,183.72050659323213
2460957.4032332986,-3.8379675534194173,-106.85525909786156,97.00912368975696,122.91168279617341,291.6029065979237,167.89572298240455
2460957.403475301,-0.07323235844934821,-0.6203337797051063,-46.14106442029515,-93.2399354524714,273.91731239491855,72.17572784943331
2460957.403718264,7.949417857922031,-96.95528758196815,-38.28638480478185,-100.78261162756826,-77.503224332424,-81.05972011592894
2460957.4039606713,7.944265091528696,102.3370356550513,75.33418148780402,21.27903539525505,-64.00859282012607,281.7518933550673
2460957.404202604,13.740429224987269,358.94849568597783,187.91357428108313,317.4229767633151,34.10162053741806,98.0545075663722
2460957.404445868,103.90841768995405,-14.302658109078038,287.9975144089731,202.39119116519578,-275.61479149368097,-218.13290932948803
2460957.404688333,-3.0365515985448015,-104.2356768226091,-24.86488469845426,-3.245416889880289,540.2276472369595,325.5644723002915
2460957.4049303704,-0.715950301983716,6.721368916081701,-63.166623424182035,-97.29543135226413,90.3670219058622,-159.00134363769757
2460957.405173611,-17.83703802121161,-201.2173299317692,41.71738197578452,148.46960451056293,-168.91695610164606,254.01716256871805
2460957.4054159145,-48.18411001450265,-180.81920185364652,-221.60416696268658,-314.6349808544437,157.2406269676285,470.5750269196178
2460957.4056583564,-12.293357724684153,310.6867388624596,-379.5973989519116,-399.0281710120762,-3.6575661098577257,165.55244560448045
2460957.4059015047,-72.35803041788515,-191.89234690495869,-122.04423257070448,-172.8837660085337,222.12092432649297,137.52346390987077
2460957.406143727,2.3095682281845082,48.83427405760085,93.69637318617606,122.261599401274,194.85513023131352,105.17216650401315
2460957.4063862036,-7.584970536462235,-278.29049003404,193.03691519777567,108.9137809176209,275.4630783389075,317.925903303978
2460957.4066284606,-30.53273905101761,-324.794088882285,-65.32723248042021,-24.09314928634194,237.8200335848269,111.18900680047591
2460957.406871227,-0.030204149935154554,-0.7317830595529813,41.3453817541922,39.84382740219007,228.23462352071874,281.8097544583761
2460957.407114398,-6.900437866662701,-329.0668672238062,164.92734155098515,126.16807160346434,561.5225510072196,311.1083925926541
2460957.4073569677,-1.5740908814577295,-34.64805430654087,-31.025811421463004,8.80523046374583,237.7446315817324,321.62203098948885
2460957.407599873,-0.11881243631673188,-5.803132772423851,236.29005247074383,211.21508769536013,328.3309413778625,416.0753067312362
2460957.407842662,14.692006901109524,301.25248508986624,-88.86311482845485,-67.55755824023436,262.5654524612146,394.22708104864796
2460957.408085706,-0.15764405597050304,10.8079217568702,-317.44342592927933,-438.18427321187846,-715.7387679226267,-201.67981622111984
2460957.4083280093,-10.097102181911458,-354.98283371947036,354.7296398353101,259.4543645436788,20.4464938402416,223.30366964573477
2460957.4085702663,-34.36558094263616,328.0177817622571,-252.7672198469154,-235.37991223705103,100.54334133599332,154.6782775447682
2460957.408813866,231.78809468975604,-356.67408600933777,4.460036178345035,-54.77191196124113,22.840644009127573,-10.079966070214141
2460957.409056701,-1.5273135134765454,-46.10985450696535,277.4006464346967,287.11676628678833,115.89002553469254,56.32352235702274
2460957.4092996297,17.68890013218745,-112.95239019010842,-350.6059986360997,-228.61407099715507,176.28621084920815,247.10856328944647
2460957.4095425927,3.110039011591274,-64.87967181994827,-82.7959995527599,-101.28417099871149,-155.36482429989337,-169.635164440504
2460957.4097858565,9.687744749341421,156.1954456905114,97.58297076591043,184.49313348491705,-82.26200862757833,193.63544514441674
2460957.410028229,30.36225579947375,36.109085622905695,204.41330407425994,191.03430480479437,-77.44419063237729,-288.98151967920785
2460957.410271134,2.3139039961966907,-19.517671788547887,-29.659226462488732,51.80747803199483,13.40268772121999,-241.38916899855394
